{"stats":{"minecraft:used":{"minecraft:lever":1,"minecraft:tripwire_hook":2,"minecraft:cyan_terracotta":1,"minecraft:mossy_cobblestone":6,"minecraft:dirt":7,"minecraft:cobblestone":4,"minecraft:emerald_block":35,"minecraft:command_block":31,"minecraft:red_wool":10,"minecraft:light_weighted_pressure_plate":9,"minecraft:grass_block":6,"minecraft:redstone":7,"minecraft:string":14,"minecraft:stone_button":1,"minecraft:elytra":1,"minecraft:chain_command_block":10,"minecraft:oak_sign":2,"minecraft:stone":69},"minecraft:custom":{"minecraft:open_chest":17,"minecraft:time_since_rest":70336,"minecraft:crouch_one_cm":1579,"minecraft:sprint_one_cm":61058,"minecraft:play_time":70336,"minecraft:damage_taken":64,"minecraft:walk_one_cm":193534,"minecraft:sneak_time":1112,"minecraft:aviate_one_cm":660450,"minecraft:jump":176,"minecraft:leave_game":3,"minecraft:time_since_death":70336,"minecraft:total_world_time":71758,"minecraft:damage_resisted":411,"minecraft:fall_one_cm":2677,"minecraft:fly_one_cm":201253},"minecraft:picked_up":{"minecraft:tripwire_hook":1,"minecraft:light_weighted_pressure_plate":1}},"DataVersion":3105}