{"stats":{"minecraft:picked_up":{"minecraft:coarse_dirt":2,"minecraft:yellow_wool":1,"minecraft:gold_block":3,"minecraft:armor_stand":1,"minecraft:item_frame":3,"minecraft:dark_oak_leaves":1,"minecraft:redstone_torch":2,"minecraft:stick":1,"minecraft:end_stone":1,"minecraft:torch":1,"minecraft:stone_button":2,"minecraft:redstone":22,"minecraft:weeping_vines":4,"minecraft:repeating_command_block":2,"minecraft:cactus":7,"minecraft:command_block":1,"minecraft:glowstone":1,"minecraft:repeater":16,"minecraft:cut_sandstone":1,"minecraft:jungle_button":1,"minecraft:cobblestone_wall":1,"minecraft:dirt":1,"minecraft:stone_bricks":1,"minecraft:wheat_seeds":1,"minecraft:sweet_berries":6,"minecraft:grass_block":5,"minecraft:green_carpet":1,"minecraft:polished_diorite":1,"minecraft:chorus_fruit":5,"minecraft:crimson_roots":1},"minecraft:dropped":{"minecraft:gold_ore":1,"minecraft:crimson_nylium":2,"minecraft:warped_stem":1,"minecraft:repeating_command_block":12,"minecraft:black_dye":1,"minecraft:wheat_seeds":1,"minecraft:chorus_flower":3,"minecraft:warped_fungus":1,"minecraft:chorus_fruit":4,"minecraft:mossy_cobblestone":2,"minecraft:red_nether_brick_slab":1,"minecraft:oak_fence":1,"minecraft:purpur_slab":1,"minecraft:weeping_vines":5,"minecraft:barrier":2,"minecraft:cobblestone":3,"minecraft:andesite_wall":2,"minecraft:chest_minecart":1,"minecraft:dark_oak_button":2,"minecraft:command_block":39,"minecraft:bedrock":65,"minecraft:purpur_stairs":1,"minecraft:grass_block":17,"minecraft:item_frame":3,"minecraft:end_rod":1,"minecraft:gold_block":7,"minecraft:spruce_leaves":1,"minecraft:iron_block":1,"minecraft:dirt":11,"minecraft:dark_oak_leaves":2,"minecraft:jungle_button":2,"minecraft:light_blue_stained_glass":1,"minecraft:stone_button":4,"minecraft:torch":3,"minecraft:repeater":6,"minecraft:dark_oak_wood":1,"minecraft:cut_sandstone":4,"minecraft:lapis_ore":1,"minecraft:dead_bush":1,"minecraft:crimson_fence":1,"minecraft:bone_meal":4,"minecraft:sand":2,"minecraft:black_concrete":2,"minecraft:cactus":4,"minecraft:end_crystal":1,"minecraft:redstone_block":2,"minecraft:armor_stand":1,"minecraft:chorus_plant":3,"minecraft:redstone":10,"minecraft:polished_diorite":4,"minecraft:purpur_pillar":3,"minecraft:anvil":1,"minecraft:purpur_block":1,"minecraft:sweet_berries":3,"minecraft:warped_nylium":2,"minecraft:diamond_block":1,"minecraft:coarse_dirt":4,"minecraft:cobblestone_wall":4,"minecraft:yellow_wool":3,"minecraft:end_stone":6,"minecraft:yellow_stained_glass":1,"minecraft:end_stone_brick_wall":1,"minecraft:oak_sign":14,"minecraft:spruce_fence":2,"minecraft:warped_planks":1,"minecraft:orange_stained_glass":1,"minecraft:blue_stained_glass":1,"minecraft:red_stained_glass_pane":1,"minecraft:red_nether_brick_stairs":1,"minecraft:crimson_button":1,"minecraft:snow":6,"minecraft:stone":5,"minecraft:crimson_slab":1,"minecraft:coal_ore":1,"minecraft:andesite":1,"minecraft:quartz_block":16,"minecraft:glowstone":4,"minecraft:stone_brick_wall":2,"minecraft:ladder":1,"minecraft:redstone_torch":3,"minecraft:stone_pressure_plate":1,"minecraft:stone_bricks":1,"minecraft:white_dye":1,"minecraft:iron_ore":1,"minecraft:glass":1,"minecraft:chain_command_block":36,"minecraft:stone_brick_stairs":1,"minecraft:white_stained_glass":1,"minecraft:oak_leaves":1,"minecraft:netherrack":4},"minecraft:custom":{"minecraft:interact_with_smithing_table":5,"minecraft:interact_with_anvil":5,"minecraft:inspect_hopper":3,"minecraft:interact_with_crafting_table":1,"minecraft:open_barrel":7,"minecraft:open_shulker_box":3,"minecraft:leave_game":275,"minecraft:time_since_death":11711,"minecraft:climb_one_cm":229910,"minecraft:sprint_one_cm":22968855,"minecraft:walk_one_cm":2428485,"minecraft:drop":329,"minecraft:deaths":1154,"minecraft:sneak_time":50834,"minecraft:walk_under_water_one_cm":7047,"minecraft:jump":132629,"minecraft:walk_on_water_one_cm":10229,"minecraft:interact_with_furnace":6,"minecraft:play_one_minute":5081159,"minecraft:pot_flower":2,"minecraft:time_since_rest":11713,"minecraft:damage_taken":35536,"minecraft:swim_one_cm":186,"minecraft:fly_one_cm":50337578,"minecraft:open_chest":5,"minecraft:crouch_one_cm":19281,"minecraft:fall_one_cm":1232143},"minecraft:used":{"minecraft:oak_fence":85,"minecraft:oak_trapdoor":10,"minecraft:purpur_block":4,"minecraft:nether_brick_fence":26,"minecraft:iron_bars":4,"minecraft:rose_bush":1,"minecraft:white_tulip":97,"minecraft:acacia_log":1,"minecraft:crimson_fence":33,"minecraft:dead_bush":45,"minecraft:flint_and_steel":16,"minecraft:ladder":13,"minecraft:red_sandstone_slab":4,"minecraft:redstone_ore":11,"minecraft:armor_stand":4,"minecraft:spruce_slab":63,"minecraft:redstone":93,"minecraft:poppy":2,"minecraft:oak_sign":40,"minecraft:mycelium":452,"minecraft:stripped_warped_stem":12,"minecraft:spruce_planks":5,"minecraft:chest":3,"minecraft:stone":4646,"minecraft:torch":12,"minecraft:red_nether_brick_stairs":33,"minecraft:grass":208,"minecraft:netherrack":1366,"minecraft:debug_stick":11,"minecraft:spruce_leaves":1,"minecraft:orange_stained_glass":59,"minecraft:light_gray_shulker_box":1,"minecraft:end_stone_brick_wall":208,"minecraft:anvil":5,"minecraft:red_nether_brick_slab":42,"minecraft:dirt":3005,"minecraft:warped_wart_block":3,"minecraft:hopper":4,"minecraft:chorus_flower":42,"minecraft:blue_stained_glass":37,"minecraft:crimson_hyphae":11,"minecraft:twisting_vines":5,"minecraft:cobblestone_wall":242,"minecraft:jungle_slab":6,"minecraft:stone_stairs":2,"minecraft:acacia_sapling":6,"minecraft:furnace_minecart":6,"minecraft:dark_oak_planks":29,"minecraft:spruce_fence":70,"minecraft:azure_bluet":1,"minecraft:light_blue_stained_glass":35,"minecraft:weeping_vines":35,"minecraft:crimson_button":1,"minecraft:stripped_spruce_log":12,"minecraft:oak_fence_gate":2,"minecraft:polished_diorite":26,"minecraft:shroomlight":1,"minecraft:andesite_wall":86,"minecraft:red_sandstone_stairs":22,"minecraft:glass":97,"minecraft:stone_brick_slab":35,"minecraft:coal_ore":15,"minecraft:yellow_stained_glass":41,"minecraft:grass_block":2586,"minecraft:iron_block":16,"minecraft:lantern":1,"minecraft:slime_block":34,"minecraft:warped_fence":15,"minecraft:quartz_block":381,"minecraft:crimson_slab":20,"minecraft:warped_nylium":496,"minecraft:dark_oak_wood":21,"minecraft:dark_oak_leaves":82,"minecraft:dark_oak_slab":43,"minecraft:crimson_roots":22,"minecraft:dark_oak_button":6,"minecraft:stone_brick_stairs":393,"minecraft:barrel":10,"minecraft:stone_bricks":201,"minecraft:item_frame":144,"minecraft:repeater":57,"minecraft:bedrock":2,"minecraft:glowstone":66,"minecraft:red_nether_brick_wall":2,"minecraft:redstone_lamp":1,"minecraft:snow":1071,"minecraft:warped_fungus":11,"minecraft:tall_grass":3,"minecraft:sweet_berries":42,"minecraft:jungle_button":2,"minecraft:furnace":5,"minecraft:oak_sapling":14,"minecraft:lime_stained_glass":42,"minecraft:podzol":490,"minecraft:acacia_fence":8,"minecraft:gold_block":82,"minecraft:stone_pressure_plate":1,"minecraft:stripped_spruce_wood":112,"minecraft:dark_oak_stairs":85,"minecraft:water_bucket":36,"minecraft:warped_stem":20,"minecraft:end_rod":15,"minecraft:iron_ore":10,"minecraft:end_stone_bricks":193,"minecraft:spruce_door":2,"minecraft:cobblestone_stairs":81,"minecraft:sandstone_stairs":9,"minecraft:snow_block":52,"minecraft:red_stained_glass":41,"minecraft:polished_andesite":1,"minecraft:oak_planks":12,"minecraft:red_nether_bricks":72,"minecraft:jungle_fence":12,"minecraft:cactus":70,"minecraft:sandstone":10,"minecraft:brown_mushroom":35,"minecraft:cut_sandstone":199,"minecraft:redstone_block":88,"minecraft:sugar_cane":13,"minecraft:spruce_fence_gate":4,"minecraft:cobblestone_slab":82,"minecraft:gold_ore":6,"minecraft:purpur_pillar":133,"minecraft:warped_roots":1,"minecraft:oak_leaves":10,"minecraft:white_wool":1,"minecraft:vine":199,"minecraft:diamond_block":1,"minecraft:mossy_cobblestone":13,"minecraft:rail":78,"minecraft:sand":111,"minecraft:stripped_dark_oak_log":5,"minecraft:tnt":9,"minecraft:oak_slab":76,"minecraft:crafting_table":1,"minecraft:crimson_trapdoor":8,"minecraft:red_mushroom":37,"minecraft:brown_banner":5,"minecraft:acacia_leaves":1,"minecraft:stone_brick_wall":78,"minecraft:painting":11,"minecraft:black_bed":1,"minecraft:smooth_red_sandstone_stairs":3,"minecraft:end_stone":1746,"minecraft:spruce_log":52,"minecraft:warped_planks":163,"minecraft:oak_log":45,"minecraft:redstone_torch":36,"minecraft:purple_stained_glass":115,"minecraft:piston":1,"minecraft:lever":5,"minecraft:flower_pot":3,"minecraft:red_sandstone":39,"minecraft:black_concrete":8,"minecraft:diamond_shovel":75,"minecraft:dark_oak_log":17,"minecraft:gray_stained_glass_pane":9,"minecraft:command_block":196,"minecraft:nether_sprouts":23,"minecraft:barrier":734,"minecraft:warped_slab":7,"minecraft:stone_button":245,"minecraft:lapis_ore":1,"minecraft:detector_rail":1,"minecraft:stone_slab":28,"minecraft:spruce_trapdoor":4,"minecraft:purpur_slab":76,"minecraft:oak_pressure_plate":77,"minecraft:diamond_ore":1,"minecraft:spruce_sapling":17,"minecraft:crimson_nylium":537,"minecraft:yellow_wool":2472,"minecraft:green_carpet":11,"minecraft:chiseled_stone_bricks":35,"minecraft:nether_wart_block":3,"minecraft:green_shulker_box":2,"minecraft:crimson_fungus":52,"minecraft:cobblestone":389,"minecraft:orange_banner":4,"minecraft:end_crystal":2,"minecraft:cyan_stained_glass_pane":16,"minecraft:crimson_stairs":97,"minecraft:andesite":38,"minecraft:white_banner":2,"minecraft:smithing_table":2,"minecraft:dark_oak_fence":5,"minecraft:chain":2,"minecraft:crimson_door":2,"minecraft:white_stained_glass":1,"minecraft:sandstone_slab":12,"minecraft:chain_command_block":70,"minecraft:repeating_command_block":41,"minecraft:grass_path":4,"minecraft:smooth_stone_slab":2,"minecraft:polished_blackstone_button":1,"minecraft:chest_minecart":1,"minecraft:dandelion":10,"minecraft:white_concrete":6,"minecraft:coarse_dirt":476,"minecraft:purple_carpet":1,"minecraft:chorus_plant":196,"minecraft:bone_meal":637,"minecraft:green_stained_glass":1}},"DataVersion":2584}