{"stats":{"minecraft:used":{"minecraft:calcite":120,"minecraft:oak_fence":72,"minecraft:moss_block":3,"minecraft:water_bucket":209,"minecraft:orange_concrete_powder":15,"minecraft:diorite":3,"minecraft:warped_fungus_on_a_stick":8,"minecraft:snow_block":183,"minecraft:smooth_quartz_slab":13,"minecraft:infested_stone":3,"minecraft:red_concrete":13,"minecraft:polished_andesite":348,"minecraft:spruce_slab":79,"minecraft:elytra":1,"minecraft:carrot_on_a_stick":135,"minecraft:bone_block":267,"minecraft:ladder":23,"minecraft:oak_sign":1,"minecraft:polished_basalt":140,"minecraft:blue_wool":16,"minecraft:light_blue_terracotta":42,"minecraft:smooth_sandstone_slab":169,"minecraft:white_concrete_powder":1,"minecraft:white_terracotta":6,"minecraft:stone":120,"minecraft:spruce_fence_gate":13,"minecraft:smooth_sandstone_stairs":11,"minecraft:smooth_quartz_stairs":2,"minecraft:debug_stick":12,"minecraft:white_wool":20,"minecraft:glow_berries":1129,"minecraft:diamond_block":1,"minecraft:lime_terracotta":19,"minecraft:sand":1035,"minecraft:white_carpet":63,"minecraft:light_blue_concrete":9,"minecraft:orange_wool":19,"minecraft:stone_brick_wall":43,"minecraft:sponge":41,"minecraft:oak_wood":4,"minecraft:yellow_concrete":22,"minecraft:blue_ice":9,"minecraft:light_gray_concrete_powder":2,"minecraft:gray_concrete":10,"minecraft:tuff":4,"minecraft:spruce_fence":22,"minecraft:weeping_vines":220,"minecraft:spruce_log":72,"minecraft:oak_fence_gate":47,"minecraft:stone_brick_slab":22,"minecraft:packed_ice":6,"minecraft:honey_block":78,"minecraft:black_concrete":18,"minecraft:firework_rocket":179,"minecraft:command_block":1,"minecraft:light_gray_concrete":58,"minecraft:red_wool":16,"minecraft:iron_block":3252,"minecraft:grass_block":12,"minecraft:barrier":18,"minecraft:slime_block":104,"minecraft:smooth_sandstone":120,"minecraft:polished_andesite_stairs":107,"minecraft:green_wool":17,"minecraft:red_terracotta":9,"minecraft:dark_oak_slab":16,"minecraft:smooth_quartz":7,"minecraft:deepslate":1,"minecraft:gravel":1,"minecraft:stone_brick_stairs":8,"minecraft:stone_bricks":66,"minecraft:yellow_wool":16,"minecraft:smooth_basalt":6,"minecraft:red_stained_glass_pane":9,"minecraft:yellow_concrete_powder":19,"minecraft:fire_charge":1,"minecraft:nether_wart_block":285,"minecraft:cobblestone":2,"minecraft:lime_concrete":1,"minecraft:gray_glazed_terracotta":1,"minecraft:red_concrete_powder":13,"minecraft:iron_trapdoor":11,"minecraft:oxidized_copper":3,"minecraft:grindstone":2,"minecraft:white_stained_glass_pane":42,"minecraft:dark_oak_fence":7,"minecraft:andesite":2,"minecraft:gold_block":5,"minecraft:sea_pickle":4,"minecraft:glass_pane":1,"minecraft:repeating_command_block":3,"minecraft:smooth_stone_slab":5,"minecraft:polished_blackstone_button":1,"minecraft:white_concrete":109,"minecraft:gray_wool":16,"minecraft:bone_meal":1452,"minecraft:pointed_dripstone":19},"minecraft:picked_up":{"minecraft:ladder":1,"minecraft:elytra":2,"minecraft:white_carpet":17,"minecraft:calcite":1,"minecraft:stick":1,"minecraft:gravel":2,"minecraft:porkchop":15,"minecraft:pointed_dripstone":3,"minecraft:firework_rocket":1,"minecraft:saddle":6,"minecraft:oak_sapling":2,"minecraft:glow_berries":1},"minecraft:dropped":{"minecraft:pink_terracotta":1,"minecraft:vine":1,"minecraft:white_carpet":2,"minecraft:barrier":1,"minecraft:yellow_terracotta":1,"minecraft:green_concrete":1,"minecraft:white_terracotta":65,"minecraft:elytra":5,"minecraft:carrot_on_a_stick":11,"minecraft:red_terracotta":1,"minecraft:wooden_axe":1,"minecraft:crimson_roots":1,"minecraft:honey_block":1,"minecraft:jungle_log":1,"minecraft:fire_charge":1,"minecraft:jungle_leaves":1,"minecraft:bone_meal":1,"minecraft:bone_block":1,"minecraft:smooth_sandstone_slab":1,"minecraft:sand":1,"minecraft:polished_basalt":4,"minecraft:black_concrete":1,"minecraft:light_blue_terracotta":64,"minecraft:calcite":1,"minecraft:oak_leaves":1,"minecraft:magenta_terracotta":1,"minecraft:firework_rocket":1},"minecraft:custom":{"minecraft:leave_game":37,"minecraft:time_since_death":163298,"minecraft:climb_one_cm":5228,"minecraft:time_since_rest":163322,"minecraft:sprint_one_cm":1036151,"minecraft:damage_taken":2333,"minecraft:walk_one_cm":274476,"minecraft:drop":46,"minecraft:swim_one_cm":8292,"minecraft:fly_one_cm":20069549,"minecraft:pig_one_cm":3396,"minecraft:crouch_one_cm":75072,"minecraft:play_time":1063034,"minecraft:deaths":1,"minecraft:sneak_time":64087,"minecraft:walk_under_water_one_cm":484120,"minecraft:jump":9120,"minecraft:aviate_one_cm":2922610,"minecraft:walk_on_water_one_cm":285149,"minecraft:total_world_time":1526292,"minecraft:fall_one_cm":256589}},"DataVersion":2865}